-- phpMyAdmin SQL Dump
-- version 5.1.0
-- https://www.phpmyadmin.net/
--
-- Host: 34.146.36.62
-- Generation Time: Jul 23, 2021 at 05:27 AM
-- Server version: 8.0.25-0ubuntu0.20.04.1
-- PHP Version: 7.3.24-(to be removed in future macOS)

SET SQL_MODE = "NO_AUTO_VALUE_ON_ZERO";
START TRANSACTION;
SET time_zone = "+00:00";


/*!40101 SET @OLD_CHARACTER_SET_CLIENT=@@CHARACTER_SET_CLIENT */;
/*!40101 SET @OLD_CHARACTER_SET_RESULTS=@@CHARACTER_SET_RESULTS */;
/*!40101 SET @OLD_COLLATION_CONNECTION=@@COLLATION_CONNECTION */;
/*!40101 SET NAMES utf8mb4 */;

--
-- Database: `snapask`
--

-- --------------------------------------------------------

--
-- Table structure for table `elite_tutors`
--

CREATE TABLE `elite_tutors` (
  `id` int NOT NULL,
  `tutor_id` int NOT NULL
) ENGINE=InnoDB DEFAULT CHARSET=utf8mb4 COLLATE=utf8mb4_0900_ai_ci;

--
-- Dumping data for table `elite_tutors`
--

INSERT INTO `elite_tutors` (`id`, `tutor_id`) VALUES
(30, 178743),
(54, 218845),
(57, 238233),
(93, 292561),
(42, 460898),
(73, 589029),
(7, 602885),
(32, 627628),
(10, 668620),
(83, 698177),
(65, 713845),
(85, 727299),
(91, 728556),
(74, 730938),
(28, 858849),
(90, 907375),
(43, 907472),
(63, 946691),
(64, 976746),
(53, 1074064),
(55, 1107196),
(11, 1108230),
(5, 1160068),
(3, 1161268),
(94, 1163417),
(60, 1194827),
(20, 1263531),
(47, 1317831),
(24, 1363388),
(12, 1386550),
(15, 1451742),
(37, 1486871),
(39, 1493704),
(9, 1506107),
(2, 1513231),
(89, 1516855),
(58, 1517019),
(68, 1534971),
(8, 1576954),
(31, 1588481),
(19, 1591519),
(6, 1637661),
(29, 1658353),
(78, 1703501),
(21, 1728934),
(40, 1754147),
(81, 1761264),
(92, 1793147),
(61, 1820393),
(35, 1830771),
(77, 1839196),
(16, 1861156),
(25, 1874411),
(67, 1880907),
(48, 1924936),
(62, 1934822),
(72, 1939148),
(82, 1956457),
(86, 2055616),
(79, 2089688),
(45, 2145132),
(69, 2216354),
(44, 2245485),
(84, 2248955),
(50, 2271391),
(27, 2346470),
(33, 2353413),
(26, 2403023),
(87, 2436345),
(17, 2448592),
(34, 2449310),
(56, 2461219),
(1, 2486233),
(59, 2503912),
(66, 2537512),
(14, 2539773),
(23, 2611403),
(22, 2633002),
(36, 2634272),
(18, 2646270),
(13, 2668030),
(76, 2679419),
(88, 2700375),
(80, 2703860),
(41, 2720793),
(4, 2721427),
(38, 2737300),
(46, 2749613),
(75, 2757746),
(51, 2763006),
(49, 2770364),
(70, 2811737),
(95, 2811823),
(52, 2812676),
(71, 2840028);

-- --------------------------------------------------------

--
-- Table structure for table `subjects`
--

CREATE TABLE `subjects` (
  `id` int NOT NULL,
  `subject_name` varchar(16) NOT NULL
) ENGINE=InnoDB DEFAULT CHARSET=utf8mb4 COLLATE=utf8mb4_0900_ai_ci;

--
-- Dumping data for table `subjects`
--

INSERT INTO `subjects` (`id`, `subject_name`) VALUES
(3, '【星星導師】 國中國文'),
(8, '【星星導師】國中數學'),
(5, '【星星導師】國中社會'),
(25, '【星星導師】國中英文'),
(14, '公民'),
(11, '化學'),
(9, '商管'),
(18, '國文'),
(13, '地理'),
(1, '地科'),
(23, '多益聽力測驗'),
(10, '多益閱讀測驗'),
(4, '數學'),
(6, '數學A'),
(7, '數學B'),
(19, '數學C'),
(15, '數學乙'),
(22, '數學甲'),
(2, '歷史'),
(21, '物理'),
(24, '生物'),
(16, '社會'),
(12, '自然'),
(17, '英文'),
(20, '讀書方法');

-- --------------------------------------------------------

--
-- Table structure for table `subject_tutor_relation`
--

CREATE TABLE `subject_tutor_relation` (
  `id` int NOT NULL,
  `tutor_id` int NOT NULL,
  `subject_id` int NOT NULL
) ENGINE=InnoDB DEFAULT CHARSET=utf8mb4 COLLATE=utf8mb4_0900_ai_ci;

--
-- Dumping data for table `subject_tutor_relation`
--

INSERT INTO `subject_tutor_relation` (`id`, `tutor_id`, `subject_id`) VALUES
(38, 727375, 1),
(85, 1263531, 1),
(329, 1345030, 1),
(225, 1660259, 1),
(182, 2208601, 1),
(94, 2238212, 1),
(174, 2245485, 1),
(76, 2448592, 1),
(291, 2503912, 1),
(456, 2811823, 1),
(166, 460898, 2),
(55, 668620, 2),
(457, 945895, 2),
(261, 1107196, 2),
(299, 1194827, 2),
(389, 1546400, 2),
(283, 1618313, 2),
(119, 1658353, 2),
(409, 2055616, 2),
(343, 2216354, 2),
(397, 2248955, 2),
(180, 2423918, 2),
(3, 2486233, 2),
(17, 2493699, 2),
(162, 2720793, 2),
(234, 1931249, 3),
(120, 178743, 4),
(252, 218845, 4),
(270, 238233, 4),
(445, 292561, 4),
(416, 460819, 4),
(53, 668620, 4),
(431, 728556, 4),
(356, 730938, 4),
(114, 858849, 4),
(215, 957324, 4),
(315, 976746, 4),
(250, 1074064, 4),
(216, 1121184, 4),
(33, 1160068, 4),
(218, 1167240, 4),
(401, 1175433, 4),
(86, 1263531, 4),
(194, 1317831, 4),
(328, 1345030, 4),
(102, 1363388, 4),
(429, 1395568, 4),
(147, 1487358, 4),
(221, 1525639, 4),
(335, 1534971, 4),
(167, 1561185, 4),
(279, 1576775, 4),
(83, 1591519, 4),
(39, 1637661, 4),
(373, 1703501, 4),
(226, 1711387, 4),
(229, 1728621, 4),
(154, 1754147, 4),
(382, 1761264, 4),
(286, 1776395, 4),
(7, 1814575, 4),
(307, 1820393, 4),
(370, 1839196, 4),
(359, 1854942, 4),
(331, 1880907, 4),
(196, 1892813, 4),
(199, 1924936, 4),
(308, 1934822, 4),
(350, 1939148, 4),
(385, 1956457, 4),
(399, 2081970, 4),
(376, 2089688, 4),
(338, 2092898, 4),
(50, 2133608, 4),
(185, 2145132, 4),
(183, 2208601, 4),
(341, 2216354, 4),
(173, 2245485, 4),
(244, 2271391, 4),
(113, 2346470, 4),
(22, 2351513, 4),
(136, 2352958, 4),
(128, 2353413, 4),
(108, 2403023, 4),
(129, 2449310, 4),
(209, 2530374, 4),
(44, 2532833, 4),
(25, 2532846, 4),
(325, 2537512, 4),
(187, 2546177, 4),
(212, 2590091, 4),
(49, 2617782, 4),
(67, 2668030, 4),
(321, 2692971, 4),
(413, 2700375, 4),
(418, 2701067, 4),
(293, 2708934, 4),
(29, 2721427, 4),
(149, 2737300, 4),
(138, 2745514, 4),
(192, 2749613, 4),
(364, 2757746, 4),
(243, 2761230, 4),
(393, 2762335, 4),
(204, 2770364, 4),
(344, 2811737, 4),
(455, 2811823, 4),
(348, 2840028, 4),
(296, 2846762, 4),
(56, 2865479, 4),
(267, 2869941, 4),
(11, 2879273, 4),
(400, 2081970, 5),
(417, 460819, 6),
(103, 1363388, 6),
(197, 1892813, 6),
(126, 627628, 7),
(116, 858849, 7),
(104, 1363388, 7),
(275, 1393788, 7),
(8, 1814575, 7),
(198, 1892813, 7),
(310, 1934822, 7),
(378, 2089688, 7),
(235, 1931249, 8),
(125, 627628, 9),
(274, 1393788, 9),
(323, 713845, 10),
(251, 1074064, 10),
(303, 1503310, 10),
(19, 1513231, 10),
(112, 2066445, 10),
(411, 2436345, 10),
(130, 2449310, 10),
(271, 238233, 11),
(353, 589029, 11),
(406, 727299, 11),
(427, 907375, 11),
(311, 946691, 11),
(403, 1175433, 11),
(428, 1395568, 11),
(72, 1451742, 11),
(47, 1506107, 11),
(419, 1516855, 11),
(276, 1517019, 11),
(336, 1534971, 11),
(440, 1569303, 11),
(280, 1576775, 11),
(5, 1597497, 11),
(224, 1660259, 11),
(375, 1703501, 11),
(228, 1711387, 11),
(383, 1761264, 11),
(288, 1776395, 11),
(305, 1820393, 11),
(74, 1861156, 11),
(387, 1956457, 11),
(449, 2070032, 11),
(24, 2351513, 11),
(135, 2352958, 11),
(77, 2448592, 11),
(255, 2484677, 11),
(290, 2503912, 11),
(59, 2504089, 11),
(69, 2539773, 11),
(92, 2633002, 11),
(141, 2634272, 11),
(26, 2662631, 11),
(368, 2679419, 11),
(31, 2685373, 11),
(320, 2692971, 11),
(139, 2745514, 11),
(190, 2749613, 11),
(241, 2761890, 11),
(392, 2762335, 11),
(203, 2770364, 11),
(454, 2811823, 11),
(257, 2824213, 11),
(347, 2840028, 11),
(298, 2846762, 11),
(268, 2869941, 11),
(10, 2879273, 11),
(178, 116013, 12),
(121, 178743, 12),
(254, 218845, 12),
(446, 292561, 12),
(355, 589029, 12),
(37, 727375, 12),
(358, 730938, 12),
(425, 907375, 12),
(312, 946691, 12),
(316, 976746, 12),
(34, 1160068, 12),
(21, 1161268, 12),
(452, 1163417, 12),
(73, 1451742, 12),
(48, 1506107, 12),
(420, 1516855, 12),
(278, 1517019, 12),
(220, 1525639, 12),
(84, 1591519, 12),
(362, 1667441, 12),
(374, 1703501, 12),
(155, 1754147, 12),
(287, 1776395, 12),
(306, 1820393, 12),
(333, 1880907, 12),
(309, 1934822, 12),
(351, 1939148, 12),
(448, 2070032, 12),
(377, 2089688, 12),
(184, 2208601, 12),
(109, 2403023, 12),
(256, 2484677, 12),
(292, 2503912, 12),
(60, 2504089, 12),
(45, 2532833, 12),
(326, 2537512, 12),
(70, 2539773, 12),
(189, 2546177, 12),
(93, 2633002, 12),
(142, 2634272, 12),
(68, 2668030, 12),
(366, 2679419, 12),
(30, 2685373, 12),
(414, 2700375, 12),
(294, 2708934, 12),
(239, 2725059, 12),
(151, 2737300, 12),
(140, 2745514, 12),
(365, 2757746, 12),
(242, 2761890, 12),
(159, 2808301, 12),
(345, 2811737, 12),
(259, 2824213, 12),
(297, 2846762, 12),
(57, 2865479, 12),
(165, 460898, 13),
(458, 945895, 13),
(301, 1194827, 13),
(148, 1487358, 13),
(284, 1618313, 13),
(132, 1703609, 13),
(435, 1793147, 13),
(207, 2105217, 13),
(13, 2334247, 13),
(15, 2493699, 13),
(237, 2690725, 13),
(54, 668620, 14),
(459, 945895, 14),
(143, 1486871, 14),
(118, 1658353, 14),
(134, 1703609, 14),
(423, 1716301, 14),
(89, 1728934, 14),
(232, 1793399, 14),
(106, 1874411, 14),
(201, 1924936, 14),
(208, 2105217, 14),
(318, 2105652, 14),
(263, 2461219, 14),
(210, 2530374, 14),
(81, 2646270, 14),
(163, 2720793, 14),
(441, 1569303, 15),
(40, 1637661, 15),
(177, 116013, 16),
(164, 460898, 16),
(172, 907472, 16),
(300, 1194827, 16),
(64, 1386550, 16),
(145, 1486871, 16),
(438, 1533248, 16),
(390, 1546400, 16),
(133, 1703609, 16),
(424, 1716301, 16),
(434, 1793147, 16),
(372, 1839196, 16),
(407, 2055616, 16),
(206, 2105217, 16),
(96, 2238212, 16),
(396, 2248955, 16),
(14, 2334247, 16),
(179, 2423918, 16),
(264, 2461219, 16),
(2, 2486233, 16),
(16, 2493699, 16),
(211, 2530374, 16),
(46, 2532833, 16),
(98, 2611403, 16),
(79, 2646270, 16),
(28, 2662631, 16),
(236, 2690725, 16),
(381, 2703860, 16),
(161, 2720793, 16),
(122, 178743, 17),
(101, 248060, 17),
(273, 586175, 17),
(205, 655674, 17),
(322, 713845, 17),
(405, 727299, 17),
(432, 728556, 17),
(170, 907472, 17),
(213, 957324, 17),
(249, 1074064, 17),
(262, 1107196, 17),
(62, 1108230, 17),
(195, 1317831, 17),
(65, 1386550, 17),
(153, 1493704, 17),
(302, 1503310, 17),
(18, 1513231, 17),
(388, 1546400, 17),
(169, 1561185, 17),
(281, 1576775, 17),
(42, 1576954, 17),
(123, 1588481, 17),
(282, 1618313, 17),
(223, 1660259, 17),
(88, 1728934, 17),
(230, 1793399, 17),
(75, 1861156, 17),
(289, 1871064, 17),
(107, 1874411, 17),
(111, 2066445, 17),
(340, 2092898, 17),
(181, 2093772, 17),
(317, 2105652, 17),
(266, 2113238, 17),
(443, 2131189, 17),
(245, 2271391, 17),
(12, 2334247, 17),
(410, 2436345, 17),
(160, 2484956, 17),
(61, 2504089, 17),
(327, 2537512, 17),
(188, 2546177, 17),
(97, 2611403, 17),
(363, 2699163, 17),
(379, 2703860, 17),
(248, 2812676, 17),
(369, 2832022, 17),
(176, 116013, 18),
(444, 178660, 18),
(100, 248060, 18),
(354, 589029, 18),
(334, 597675, 18),
(41, 602885, 18),
(127, 627628, 18),
(394, 698177, 18),
(171, 907472, 18),
(260, 1107196, 18),
(217, 1121184, 18),
(63, 1386550, 18),
(144, 1486871, 18),
(152, 1493704, 18),
(437, 1533248, 18),
(43, 1576954, 18),
(117, 1658353, 18),
(422, 1716301, 18),
(90, 1728934, 18),
(436, 1793147, 18),
(231, 1793399, 18),
(131, 1830771, 18),
(105, 1874411, 18),
(200, 1924936, 18),
(408, 2055616, 18),
(398, 2081970, 18),
(339, 2092898, 18),
(51, 2133608, 18),
(342, 2216354, 18),
(395, 2248955, 18),
(246, 2271391, 18),
(265, 2461219, 18),
(1, 2486233, 18),
(99, 2611403, 18),
(80, 2646270, 18),
(380, 2703860, 18),
(247, 2763006, 18),
(158, 2808301, 18),
(258, 2824213, 18),
(193, 1317831, 19),
(186, 2145132, 19),
(214, 957324, 20),
(453, 1163417, 20),
(439, 1533248, 20),
(124, 1588481, 20),
(253, 218845, 21),
(272, 238233, 21),
(404, 727299, 21),
(357, 730938, 21),
(314, 976746, 21),
(35, 1160068, 21),
(20, 1161268, 21),
(451, 1163417, 21),
(219, 1167240, 21),
(402, 1175433, 21),
(87, 1263531, 21),
(330, 1345030, 21),
(430, 1395568, 21),
(146, 1487358, 21),
(277, 1517019, 21),
(222, 1525639, 21),
(337, 1534971, 21),
(442, 1569303, 21),
(82, 1591519, 21),
(6, 1597497, 21),
(285, 1700904, 21),
(227, 1711387, 21),
(156, 1754147, 21),
(384, 1761264, 21),
(371, 1839196, 21),
(360, 1854942, 21),
(332, 1880907, 21),
(352, 1939148, 21),
(386, 1956457, 21),
(52, 2133608, 21),
(175, 2245485, 21),
(137, 2352958, 21),
(110, 2403023, 21),
(78, 2448592, 21),
(27, 2662631, 21),
(66, 2668030, 21),
(319, 2692971, 21),
(238, 2725059, 21),
(150, 2737300, 21),
(191, 2749613, 21),
(391, 2762335, 21),
(202, 2770364, 21),
(58, 2865479, 21),
(269, 2869941, 21),
(9, 2879273, 21),
(447, 292561, 22),
(115, 858849, 22),
(324, 713845, 23),
(304, 1503310, 23),
(412, 2436345, 23),
(36, 727375, 24),
(433, 728556, 24),
(426, 907375, 24),
(313, 946691, 24),
(421, 1516855, 24),
(168, 1561185, 24),
(4, 1597497, 24),
(361, 1667441, 24),
(450, 2070032, 24),
(95, 2238212, 24),
(23, 2351513, 24),
(71, 2539773, 24),
(91, 2633002, 24),
(367, 2679419, 24),
(32, 2685373, 24),
(415, 2700375, 24),
(295, 2708934, 24),
(240, 2725059, 24),
(157, 2808301, 24),
(346, 2811737, 24),
(349, 2840028, 24),
(233, 1931249, 25);

-- --------------------------------------------------------

--
-- Table structure for table `tutors_basic_info`
--

CREATE TABLE `tutors_basic_info` (
  `id` int NOT NULL,
  `first_name` varchar(16) CHARACTER SET utf8mb4 COLLATE utf8mb4_0900_ai_ci NOT NULL,
  `last_name` varchar(16) NOT NULL,
  `user_name` varchar(16) NOT NULL,
  `display_name` varchar(16) NOT NULL,
  `pic_url` varchar(256) NOT NULL,
  `school` varchar(32) NOT NULL
) ENGINE=InnoDB DEFAULT CHARSET=utf8mb4 COLLATE=utf8mb4_0900_ai_ci;

--
-- Dumping data for table `tutors_basic_info`
--

INSERT INTO `tutors_basic_info` (`id`, `first_name`, `last_name`, `user_name`, `display_name`, `pic_url`, `school`) VALUES
(116013, 'YS', 'Lin', '林鮭魚', '林鮭魚', 'https://s3-ap-southeast-1.amazonaws.com/attachments.api.snapask.co/users/profile_pics/000/116/013/original/CacheDirFile?1615905154', '國立臺灣師範大學'),
(178660, '竣翔', '楊', '國文家教-陶之', '國文家教-陶之', 'https://s3-ap-southeast-1.amazonaws.com/attachments.api.snapask.co/users/profile_pics/000/178/660/original/new_profile_pic.jpeg?1613731263', '國立臺灣師範大學'),
(178743, 'Wen', 'Jenny', 'x6108210029', 'x6108210029', 'https://s3-ap-southeast-1.amazonaws.com/attachments.api.snapask.co/users/profile_pics/000/178/743/original/file.jpeg?1590748482', '國立臺灣大學'),
(218845, '牧恩', '黃', 'huang-me', 'LittlePepper', 'https://s3-ap-southeast-1.amazonaws.com/attachments.api.snapask.co/users/profile_pics/000/218/845/original/file.jpeg?1508320873', '國立成功大學'),
(238233, '', '', '尼爾嗨', '尼爾嗨', 'https://s3-ap-southeast-1.amazonaws.com/attachments.api.snapask.co/users/profile_pics/000/238/233/original/1561991123816.jpg?1561991125', '國立臺灣大學'),
(248060, '雅馨', '姚', 'cyc343555', 'cyc343555', 'https://s3-ap-southeast-1.amazonaws.com/attachments.api.snapask.co/users/profile_pics/000/248/060/original/1512021730465.jpg?1512021732', '東吳大學'),
(292561, '岳毅', '林', 'Joey07', 'Joey07', 'https://s3-ap-southeast-1.amazonaws.com/attachments.api.snapask.co/users/profile_pics/000/292/561/original/file.jpeg?1525225637', '國立中山大學'),
(460819, '鈺雯', '邱', 'YuWenChiu', 'YuWenChiu', 'https://s3-ap-southeast-1.amazonaws.com/attachments.api.snapask.co/users/profile_pics/000/460/819/original/file.jpeg?1584571533', '國立交通大學'),
(460898, '曦(佳伶)', '陳', 'green0121', 'green0121', 'https://s3-ap-southeast-1.amazonaws.com/attachments.api.snapask.co/users/profile_pics/000/460/898/original/1542190713268.jpg?1542190715', '國立臺灣大學'),
(586175, 'Clara', 'Chen', 'Clarachen', 'Clarachen', 'https://s3-ap-southeast-1.amazonaws.com/attachments.api.snapask.co/users/profile_pics/000/586/175/original/file.jpeg?1542871234', '國立臺灣大學'),
(589029, '于萱', '鍾', 'Mizuho-高醫醫學系', 'Mizuho-高醫醫學系', 'https://s3-ap-southeast-1.amazonaws.com/attachments.api.snapask.co/users/profile_pics/000/589/029/original/1533443446170.jpg?1533443447', '高雄醫學大學'),
(597675, '怡璇', '張', '張怡璇', '張怡璇', 'https://s3-ap-southeast-1.amazonaws.com/attachments.api.snapask.co/users/profile_pics/000/597/675/original/1560668570456.jpg?1560668572', '淡江大學'),
(602885, '暄', '夏', 'Hsuan880701', 'Hsuan880701', 'https://s3-ap-southeast-1.amazonaws.com/attachments.api.snapask.co/users/profile_pics/000/602/885/original/new_profile_pic.jpeg?1611542626', '國立臺灣師範大學'),
(627628, '正揚', '林', 'Yang86', 'Yang86', 'https://s3-ap-southeast-1.amazonaws.com/attachments.api.snapask.co/users/profile_pics/000/627/628/original/file.jpeg?1533912892', '國立雲林科技大學'),
(655674, '妍伶', '', '陳妍伶', '陳妍伶', 'https://s3-ap-southeast-1.amazonaws.com/attachments.api.snapask.co/users/profile_pics/000/655/674/original/new_profile_pic?1622981514', '國立成功大學'),
(668620, '宣翰', '陳', '陳宣翰', '陳宣翰', 'https://s3-ap-southeast-1.amazonaws.com/attachments.api.snapask.co/users/profile_pics/000/668/620/original/1533973978916.jpg?1533973983', '國立中正大學'),
(698177, '勝偉', '卓', '卓才子', '卓才子', 'https://s3-ap-southeast-1.amazonaws.com/attachments.api.snapask.co/missing_image/avatar/img_default_profile.png', '國立屏東大學'),
(713845, '絲', '絲', 'Sophiaszu', 'Sophiaszu', 'https://s3-ap-southeast-1.amazonaws.com/attachments.api.snapask.co/users/profile_pics/000/713/845/original/file.jpeg?1554133237', '國立中興大學'),
(727299, '', '', 'Christineee', 'Christineee', 'https://s3-ap-southeast-1.amazonaws.com/attachments.api.snapask.co/missing_image/avatar/img_default_profile.png', '國立臺灣大學'),
(727375, '', '', 'Pinky-lin', 'Pinky-lin', 'https://s3-ap-southeast-1.amazonaws.com/attachments.api.snapask.co/missing_image/avatar/img_default_profile.png', '國立臺灣大學'),
(728556, '暄雅', '邱', '阿雅Tanya', '阿雅Tanya', 'https://s3-ap-southeast-1.amazonaws.com/attachments.api.snapask.co/users/profile_pics/000/728/556/original/file.jpeg?1531211066', '國立陽明大學'),
(730938, '謝', '育文', 'MikeHsieh920', 'MikeHsieh920', 'https://s3-ap-southeast-1.amazonaws.com/attachments.api.snapask.co/users/profile_pics/000/730/938/original/file.jpeg?1530896282', '國立臺灣大學'),
(858849, '惟盛', '翁', 'wsheng4', 'wsheng4', 'https://s3-ap-southeast-1.amazonaws.com/attachments.api.snapask.co/users/profile_pics/000/858/849/original/file.jpeg?1532568055', '國立台中教育大學'),
(907375, 'Emily', 'Lin', 'Emiiily', 'Emiiily', 'https://s3-ap-southeast-1.amazonaws.com/attachments.api.snapask.co/users/profile_pics/000/907/375/original/1533749534035.jpg?1533749536', '國立中正大學'),
(907472, '李', '秉蓁', 'louisaHF', 'louisaHF', 'https://s3-ap-southeast-1.amazonaws.com/attachments.api.snapask.co/users/profile_pics/000/907/472/original/1533609025495.jpg?1533609027', '國立政治大學'),
(945895, 'Lulu', 'Huang', 'luluh2000', 'luluh2000', 'https://s3-ap-southeast-1.amazonaws.com/attachments.api.snapask.co/users/profile_pics/000/945/895/original/1534600172600.jpg?1534600174', '國立臺灣大學'),
(946691, '', '', '無敵豆一樣', '無敵豆一樣', 'https://s3-ap-southeast-1.amazonaws.com/attachments.api.snapask.co/users/profile_pics/000/946/691/original/file.jpeg?1534648189', '國立成功大學'),
(957324, '佳柔', '彭', 'tiffany808', 'tiffany808', 'https://s3-ap-southeast-1.amazonaws.com/attachments.api.snapask.co/users/profile_pics/000/957/324/original/1537587243918.jpg?1537587248', '國立臺灣大學'),
(976746, '靖淳', '王', '珍奶去冰半', '珍奶去冰半', 'https://s3-ap-southeast-1.amazonaws.com/attachments.api.snapask.co/users/profile_pics/000/976/746/original/1541834227769.jpg?1541834228', '國立中央大學'),
(1074064, 'Steven', 'Chen', '陳冠軍', '陳冠軍', 'https://s3-ap-southeast-1.amazonaws.com/attachments.api.snapask.co/users/profile_pics/001/074/064/original/file.jpeg?1541234260', '私立華盛頓高中'),
(1107196, '李', '宇淇', 'degausser', 'degausser', 'https://s3-ap-southeast-1.amazonaws.com/attachments.api.snapask.co/users/profile_pics/001/107/196/original/1539351143062.jpg?1539351145', '國立交通大學'),
(1108230, 'Felix', 'Chen', 'felix1234felix', 'felix1234felix', 'https://s3-ap-southeast-1.amazonaws.com/attachments.api.snapask.co/users/profile_pics/001/108/230/original/file.jpeg?1549258662', '國立臺灣科技大學'),
(1121184, '挺宇', '簡', 'herakles', 'herakles', 'https://s3-ap-southeast-1.amazonaws.com/attachments.api.snapask.co/users/profile_pics/001/121/184/original/1539874469052.jpg?1539874471', '國立政治大學'),
(1160068, '家洋', '蔡', 'RobinXue', 'RobinXue', 'https://s3-ap-southeast-1.amazonaws.com/attachments.api.snapask.co/users/profile_pics/001/160/068/original/1582131277231.jpg?1582131282', '國立中央大學'),
(1161268, '佑民', '曹', '李華強', '李華強', 'https://s3-ap-southeast-1.amazonaws.com/attachments.api.snapask.co/users/profile_pics/001/161/268/original/1542211784318.jpg?1542211787', '國立臺灣師範大學'),
(1163417, '俊州', '陳', '陳鎮州', '陳鎮州', 'https://s3-ap-southeast-1.amazonaws.com/attachments.api.snapask.co/users/profile_pics/001/163/417/original/1542174478273.jpg?1542174479', '國立臺灣大學'),
(1167240, '均彥', '陳', '陳均彥', '陳均彥', 'https://s3-ap-southeast-1.amazonaws.com/attachments.api.snapask.co/users/profile_pics/001/167/240/original/file.jpeg?1544110101', '國立臺灣大學'),
(1175433, '光智', '黎', 'HappyTeacher', 'HappyTeacher', 'https://s3-ap-southeast-1.amazonaws.com/attachments.api.snapask.co/missing_image/avatar/img_default_profile.png', '國立臺灣大學'),
(1194827, 'William', 'Huang', '歷科呆呆', '歷科呆呆', 'https://s3-ap-southeast-1.amazonaws.com/attachments.api.snapask.co/users/profile_pics/001/194/827/original/file.jpeg?1546097042', '中原大學'),
(1263531, '豈榕', '張', 'BanyanChang', 'BanyanChang', 'https://s3-ap-southeast-1.amazonaws.com/attachments.api.snapask.co/users/profile_pics/001/263/531/original/1547449051638.jpg?1547448922', '國立成功大學'),
(1317831, '景賀', '游', 'Jessica0717', 'Jessica0717', 'https://s3-ap-southeast-1.amazonaws.com/attachments.api.snapask.co/users/profile_pics/001/317/831/original/file.jpeg?1546867217', '國立臺灣科技大學'),
(1345030, '易軒', '吳', 'Rafael_Wu', 'Rafael_Wu', 'https://s3-ap-southeast-1.amazonaws.com/attachments.api.snapask.co/users/profile_pics/001/345/030/original/1547282402266.jpg?1547282403', '台北醫學大學'),
(1363388, '宗泰', '吳', '泰迪數學', '泰迪數學', 'https://s3-ap-southeast-1.amazonaws.com/attachments.api.snapask.co/users/profile_pics/001/363/388/original/blob?1547747847', '國立東華大學'),
(1386550, '翊庭', '唐', '唐翊庭', '唐翊庭', 'https://s3-ap-southeast-1.amazonaws.com/attachments.api.snapask.co/users/profile_pics/001/386/550/original/blob?1548572557', '國立臺灣師範大學'),
(1393788, '勝紘', '蔣', '唐毅_', '唐毅_', 'https://s3-ap-southeast-1.amazonaws.com/attachments.api.snapask.co/users/profile_pics/001/393/788/original/new_profile_pic.jpeg?1612705009', '國立台北科技大學'),
(1395568, '添福', '楊', '楊添福', '楊添福', 'https://s3-ap-southeast-1.amazonaws.com/attachments.api.snapask.co/users/profile_pics/001/395/568/original/blob?1548691189', '國立清華大學'),
(1451742, 'Jhao An', 'Meng', 'Lydovec', 'Lydovec', 'https://s3-ap-southeast-1.amazonaws.com/attachments.api.snapask.co/users/profile_pics/001/451/742/original/file.jpeg?1559650806', '國立中央大學'),
(1486871, '靖智', '林', 'jasper881013', 'jasper881013', 'https://s3-ap-southeast-1.amazonaws.com/attachments.api.snapask.co/users/profile_pics/001/486/871/original/1595917946260.jpg?1595917950', '國立政治大學'),
(1487358, '子軒', '馮', 'mjoycollege', 'mjoycollege', 'https://s3-ap-southeast-1.amazonaws.com/attachments.api.snapask.co/users/profile_pics/001/487/358/original/blob?1551840503', '國立臺灣大學'),
(1493704, '凱佑', '羅', 'Kaiyou', '羅凱佑', 'https://s3-ap-southeast-1.amazonaws.com/attachments.api.snapask.co/users/profile_pics/001/493/704/original/file.jpeg?1586364176', '國立臺灣大學'),
(1503310, 'Annie', 'Chang', 'imannie', 'imannie', 'https://s3-ap-southeast-1.amazonaws.com/attachments.api.snapask.co/users/profile_pics/001/503/310/original/file.jpeg?1585705203', '國立政治大學'),
(1506107, '正廸', '胡', '胡正廸鵝鵝鵝', '胡正廸鵝鵝鵝', 'https://s3-ap-southeast-1.amazonaws.com/attachments.api.snapask.co/users/profile_pics/001/506/107/original/blob?1552587592', '國立臺灣大學'),
(1513231, '家郡', '李', 'juliette', 'juliette', 'https://s3-ap-southeast-1.amazonaws.com/attachments.api.snapask.co/users/profile_pics/001/513/231/original/file.jpeg?1553058938', '國立清華大學'),
(1516855, '文琳', '鄭', 'Lynnnn', 'Lynnnn', 'https://s3-ap-southeast-1.amazonaws.com/attachments.api.snapask.co/users/profile_pics/001/516/855/original/new_profile_pic?1623427775', '國立陽明大學'),
(1517019, '宏誠', '張', 'tempusn_小夜燈_6f75', 'tempusn_小夜燈_6f75', 'https://s3-ap-southeast-1.amazonaws.com/attachments.api.snapask.co/users/profile_pics/001/517/019/original/blob?1553322481', '台北醫學大學'),
(1525639, '誌晟', '紀', 'jim881014', 'jim881014', 'https://s3-ap-southeast-1.amazonaws.com/attachments.api.snapask.co/users/profile_pics/001/525/639/original/blob?1553993924', '國立清華大學'),
(1533248, '巧妍', '林', 'Qiaoyan', 'Qiaoyan', 'https://s3-ap-southeast-1.amazonaws.com/attachments.api.snapask.co/users/profile_pics/001/533/248/original/blob?1554641256', '國立政治大學'),
(1534971, '昱文', '陳', '葛蕾絲樹', '葛蕾絲樹', 'https://s3-ap-southeast-1.amazonaws.com/attachments.api.snapask.co/missing_image/avatar/img_default_profile.png', '國立陽明大學'),
(1546400, 'Belle', 'Kuan', 'ellebelle', 'ellebelle', 'https://s3-ap-southeast-1.amazonaws.com/attachments.api.snapask.co/users/profile_pics/001/546/400/original/file.jpeg?1592795722', '國立政治大學'),
(1561185, '惠琮', '黃', 'John_huang', 'John_huang', 'https://s3-ap-southeast-1.amazonaws.com/attachments.api.snapask.co/users/profile_pics/001/561/185/original/blob?1557986003', '台北醫學大學'),
(1569303, '宏立', '王', 'hungliwang0111', 'hungliwang0111', 'https://s3-ap-southeast-1.amazonaws.com/attachments.api.snapask.co/users/profile_pics/001/569/303/original/blob?1556995414', '國立清華大學'),
(1576775, 'Monica', '郭', 'miaojk', 'miaojk', 'https://s3-ap-southeast-1.amazonaws.com/attachments.api.snapask.co/users/profile_pics/001/576/775/original/blob?1557359161', '國立臺灣大學'),
(1576954, '侑蓁', '吳', 'thewuuuuu', 'thewuuuuu', 'https://s3-ap-southeast-1.amazonaws.com/attachments.api.snapask.co/users/profile_pics/001/576/954/original/file.jpeg?1582720683', '國立交通大學'),
(1588481, '清云', '姜', '姜姜姜姜', '姜姜姜姜', 'https://s3-ap-southeast-1.amazonaws.com/attachments.api.snapask.co/users/profile_pics/001/588/481/original/blob?1557971725', '輔仁大學'),
(1591519, 'Hung-Ju', 'Chiang', 'Planet', 'Planet', 'https://s3-ap-southeast-1.amazonaws.com/attachments.api.snapask.co/users/profile_pics/001/591/519/original/blob?1558103964', '國立清華大學'),
(1597497, '育豪', '許', 'tempusn_Henry_65', 'tempusn_Henry_65', 'https://s3-ap-southeast-1.amazonaws.com/attachments.api.snapask.co/users/profile_pics/001/597/497/original/blob?1558453450', '國防醫學院'),
(1618313, '希怜', '石井', 'ishii70', 'ishii70', 'https://s3-ap-southeast-1.amazonaws.com/attachments.api.snapask.co/users/profile_pics/001/618/313/original/file.jpeg?1559098193', '國立交通大學'),
(1637661, '昀蒨', '蔡', 'believe075', 'believe075', 'https://s3-ap-southeast-1.amazonaws.com/attachments.api.snapask.co/users/profile_pics/001/637/661/original/blob?1559735065', '國立高雄大學'),
(1658353, '王', '宣翰', '王宣翰', '王宣翰', 'https://s3-ap-southeast-1.amazonaws.com/attachments.api.snapask.co/users/profile_pics/001/658/353/original/blob?1560355369', '國立臺灣大學'),
(1660259, '詩彧', '林', '林詩彧', '林詩彧', 'https://s3-ap-southeast-1.amazonaws.com/attachments.api.snapask.co/users/profile_pics/001/660/259/original/blob?1560425138', '國立成功大學'),
(1667441, '仲軒', '吳', 'Jhong-Syuan', 'Jhong-Syuan', 'https://s3-ap-southeast-1.amazonaws.com/attachments.api.snapask.co/users/profile_pics/001/667/441/original/file.jpeg?1564035443', '義守大學'),
(1700904, '仲遠', '柯', '柯仲遠', '柯仲遠', 'https://s3-ap-southeast-1.amazonaws.com/attachments.api.snapask.co/users/profile_pics/001/700/904/original/blob?1561642371', '國立清華大學'),
(1703501, '柏凱', '王', '王柏凱KevinWang', '王柏凱KevinWang', 'https://s3-ap-southeast-1.amazonaws.com/attachments.api.snapask.co/users/profile_pics/001/703/501/original/blob?1562072962', '中國醫藥大學'),
(1703609, '品丞', '周', 'Pincheng_ss', 'Pincheng_ss', 'https://s3-ap-southeast-1.amazonaws.com/attachments.api.snapask.co/users/profile_pics/001/703/609/original/blob?1561740444', '東海大學'),
(1711387, '亭勻', '王', 'christine891225', 'christine891225', 'https://s3-ap-southeast-1.amazonaws.com/attachments.api.snapask.co/users/profile_pics/001/711/387/original/blob?1562165837', '國立臺灣大學'),
(1716301, '', '', 'Espresso', 'Espresso', 'https://s3-ap-southeast-1.amazonaws.com/attachments.api.snapask.co/users/profile_pics/001/716/301/original/new_profile_pic.jpeg?1616520618', '國立臺灣師範大學'),
(1728621, '靖睿', '洪', '洪靖睿', '洪靖睿', 'https://s3-ap-southeast-1.amazonaws.com/attachments.api.snapask.co/users/profile_pics/001/728/621/original/1563431796340.jpg?1563431798', '國立臺灣師範大學'),
(1728934, 'Melissa', 'Lin', 'melissalin', 'melissalin', 'https://s3-ap-southeast-1.amazonaws.com/attachments.api.snapask.co/users/profile_pics/001/728/934/original/file.jpeg?1563593472', '國立臺灣大學'),
(1754147, '謦羽', '楊', 'Carol小羽', 'Carol小羽', 'https://s3-ap-southeast-1.amazonaws.com/attachments.api.snapask.co/users/profile_pics/001/754/147/original/file.jpeg?1567648728', '國立臺灣大學'),
(1761264, '明潔', '金', 'cloud_chin', 'cloud_chin', 'https://s3-ap-southeast-1.amazonaws.com/attachments.api.snapask.co/users/profile_pics/001/761/264/original/new_profile_pic?1622518203', '國立臺灣大學'),
(1776395, '瑋隆', '王', 'leo880819', 'leo880819', 'https://s3-ap-southeast-1.amazonaws.com/attachments.api.snapask.co/users/profile_pics/001/776/395/original/1566918597935.jpg?1566918602', '台北醫學大學'),
(1793147, '又寧', '柴', 'N1ck', 'N1ck', 'https://s3-ap-southeast-1.amazonaws.com/attachments.api.snapask.co/users/profile_pics/001/793/147/original/file.jpeg?1569401149', '國立臺灣大學'),
(1793399, '彥霖', '陳', 'YanlinChen', 'YanlinChen', 'https://s3-ap-southeast-1.amazonaws.com/attachments.api.snapask.co/users/profile_pics/001/793/399/original/file.jpeg?1567076995', '國立成功大學'),
(1814575, '律綺', '林', 'linluchi', 'linluchi', 'https://s3-ap-southeast-1.amazonaws.com/attachments.api.snapask.co/users/profile_pics/001/814/575/original/blob?1567673652', '國立臺灣大學'),
(1820393, '王', '嘉箴', 'Chia-ChenWang', 'Chia-ChenWang', 'https://s3-ap-southeast-1.amazonaws.com/attachments.api.snapask.co/users/profile_pics/001/820/393/original/file.jpeg?1588185319', '國立成功大學'),
(1830771, '吳', '巧竹', 'Devonian', 'Devonian', 'https://s3-ap-southeast-1.amazonaws.com/attachments.api.snapask.co/users/profile_pics/001/830/771/original/1591447849035.jpg?1591447849', '國立臺灣師範大學'),
(1839196, '竣淳', '黃', '黃竣淳', '黃竣淳', 'https://s3-ap-southeast-1.amazonaws.com/attachments.api.snapask.co/users/profile_pics/001/839/196/original/blob?1569814993', '國立臺灣大學'),
(1854942, '德林', '張', '張德林', '張德林', 'https://s3-ap-southeast-1.amazonaws.com/attachments.api.snapask.co/users/profile_pics/001/854/942/original/blob?1570375780', '國立臺灣大學'),
(1861156, '哲霖', '鄭', 'Nick1738', 'Nick1738', 'https://s3-ap-southeast-1.amazonaws.com/attachments.api.snapask.co/users/profile_pics/001/861/156/original/CacheDirFile?1623904302', '國立臺灣大學'),
(1871064, 'Siven', 'Chuang', 'MeinNameistSiven', 'MeinNameistSiven', 'https://s3-ap-southeast-1.amazonaws.com/attachments.api.snapask.co/users/profile_pics/001/871/064/original/BD8F2566-94E9-4A52-B0E2-9F28A4BA563F.jpeg?1571815625', '逢甲大學'),
(1874411, '蔡', '佩芙', 'PeiFuTsai', 'PeiFuTsai', 'https://s3-ap-southeast-1.amazonaws.com/attachments.api.snapask.co/users/profile_pics/001/874/411/original/blob?1572099134', '國立台北大學'),
(1880907, '佩慈', '周', 'CHILLAX', 'CHILLAX', 'https://s3-ap-southeast-1.amazonaws.com/attachments.api.snapask.co/users/profile_pics/001/880/907/original/blob?1572729250', '國立中央大學'),
(1892813, '佳慈', '郭', 'enstar', 'enstar', 'https://s3-ap-southeast-1.amazonaws.com/attachments.api.snapask.co/users/profile_pics/001/892/813/original/blob?1573782536', '國立成功大學'),
(1924936, '劉', '怡萱', '劉怡萱_Sally', '劉怡萱_Sally', 'https://s3-ap-southeast-1.amazonaws.com/attachments.api.snapask.co/users/profile_pics/001/924/936/original/blob?1577112170', '國立臺灣大學'),
(1931249, 'Sandy', '', 'sannn', 'sannn', 'https://s3-ap-southeast-1.amazonaws.com/attachments.api.snapask.co/users/profile_pics/001/931/249/original/new_profile_pic.jpeg?1615272055', '國立臺灣大學'),
(1934822, '柏豪', '邱', 'tremblinggrape77', 'tremblinggrape77', 'https://s3-ap-southeast-1.amazonaws.com/attachments.api.snapask.co/users/profile_pics/001/934/822/original/blob?1578325147', '國立臺灣大學'),
(1939148, '景文', '洪', '洪景文', '洪景文', 'https://s3-ap-southeast-1.amazonaws.com/attachments.api.snapask.co/users/profile_pics/001/939/148/original/1581314873994.jpg?1581314875', '中國醫藥大學'),
(1956457, '信德', '李', 'daniel00aa', 'daniel00aa', 'https://s3-ap-southeast-1.amazonaws.com/attachments.api.snapask.co/users/profile_pics/001/956/457/original/blob?1579514635', '國立臺灣大學'),
(2055616, '婕禎', '李', 'tempusn_李婕禎_afca', 'tempusn_李婕禎_afca', 'https://s3-ap-southeast-1.amazonaws.com/attachments.api.snapask.co/users/profile_pics/002/055/616/original/file.jpeg?1584102435', '國立中興大學'),
(2066445, '雪莉', 'Que', 'Sherry_Que', 'Sherry_Que', 'https://s3-ap-southeast-1.amazonaws.com/attachments.api.snapask.co/users/profile_pics/002/066/445/original/1588246072397.jpg?1588246075', '國立政治大學'),
(2070032, '瑜珊', '張', 'Taco33', 'Taco33', 'https://s3-ap-southeast-1.amazonaws.com/attachments.api.snapask.co/users/profile_pics/002/070/032/original/file.jpeg?1588861765', '國立中正大學'),
(2081970, 'hsinyun', 'lee', 'hsinyunlee', 'hsinyunlee', 'https://s3-ap-southeast-1.amazonaws.com/attachments.api.snapask.co/users/profile_pics/002/081/970/original/blob?1586428173', '國立政治大學'),
(2089688, '宇潔', '洪', 'qwq123qwq', 'qwq123qwq', 'https://s3-ap-southeast-1.amazonaws.com/attachments.api.snapask.co/users/profile_pics/002/089/688/original/1585354793158.jpg?1585354796', '國立臺灣大學'),
(2092898, '乙璇', '劉', 'NANAKO', 'NANAKO', 'https://s3-ap-southeast-1.amazonaws.com/attachments.api.snapask.co/users/profile_pics/002/092/898/original/blob?1585657057', '國立高雄師範大學'),
(2093772, 'Ed', 'You', 'Edwardyu', 'Edwardyu', 'https://s3-ap-southeast-1.amazonaws.com/attachments.api.snapask.co/users/profile_pics/002/093/772/original/file.jpeg?1587126327', '輔仁大學'),
(2105217, '林', '煒峻', 'tempusn_JimmyLin', 'tempusn_JimmyLin', 'https://s3-ap-southeast-1.amazonaws.com/attachments.api.snapask.co/users/profile_pics/002/105/217/original/file.jpeg?1588765716', '國立臺灣大學'),
(2105652, '以專', '沈', 'b117b117', 'b117b117', 'https://s3-ap-southeast-1.amazonaws.com/attachments.api.snapask.co/users/profile_pics/002/105/652/original/blob?1586152095', '國立政治大學'),
(2113238, '冠妏', '劉', 'sonya93123', 'sonya93123', 'https://s3-ap-southeast-1.amazonaws.com/attachments.api.snapask.co/users/profile_pics/002/113/238/original/file.jpeg?1586448394', '逢甲大學'),
(2131189, '文萱', '王', 'missmwang', 'missmwang', 'https://s3-ap-southeast-1.amazonaws.com/attachments.api.snapask.co/users/profile_pics/002/131/189/original/blob?1587480777', '國立臺灣師範大學'),
(2133608, '張', '馨予', 'luckybox', 'luckybox', 'https://s3-ap-southeast-1.amazonaws.com/attachments.api.snapask.co/users/profile_pics/002/133/608/original/CacheDirFile?1611069141', '國立陽明大學'),
(2145132, '姜', '昱丞', 'chianglun', 'chianglun', 'https://s3-ap-southeast-1.amazonaws.com/attachments.api.snapask.co/users/profile_pics/002/145/132/original/file.jpeg?1589203153', '國立臺灣師範大學'),
(2208601, '吳', '芸溱', 'wyc1999', 'wyc1999', 'https://s3-ap-southeast-1.amazonaws.com/attachments.api.snapask.co/users/profile_pics/002/208/601/original/file.jpeg?1592982220', '國立成功大學'),
(2216354, '宥儒', '陳', 'Thomasntu', 'Thomasntu', 'https://s3-ap-southeast-1.amazonaws.com/attachments.api.snapask.co/users/profile_pics/002/216/354/original/1594110271299.jpg?1594110273', '國立臺灣大學'),
(2238212, '思瑜', '黃', '思思思思小超人', '思思思思小超人', 'https://s3-ap-southeast-1.amazonaws.com/attachments.api.snapask.co/users/profile_pics/002/238/212/original/CacheDirFile?1599152267', '中國醫藥大學'),
(2245485, '雨謙', '林', 'yclin', 'yclin', 'https://s3-ap-southeast-1.amazonaws.com/attachments.api.snapask.co/users/profile_pics/002/245/485/original/CacheDirFile?1596376545', '國立中央大學'),
(2248955, '偉丞', '王', 'kim298_5237', 'kim298_5237', 'https://s3-ap-southeast-1.amazonaws.com/attachments.api.snapask.co/users/profile_pics/002/248/955/original/CacheDirFile?1602859226', '國立臺灣師範大學'),
(2271391, '柏鈞', '程', 'Jeromy', 'Jeromy', 'https://s3-ap-southeast-1.amazonaws.com/attachments.api.snapask.co/users/profile_pics/002/271/391/original/CacheDirFile?1601743828', '國立政治大學'),
(2334247, '齊', '袁', 'yuaxchi', 'yuaxchi', 'https://s3-ap-southeast-1.amazonaws.com/attachments.api.snapask.co/users/profile_pics/002/334/247/original/blob?1598427396', '國立臺灣大學'),
(2346470, 'Wenhsiu', 'Kuo', 'lindantu168', 'lindantu168', 'https://s3-ap-southeast-1.amazonaws.com/attachments.api.snapask.co/users/profile_pics/002/346/470/original/blob?1599033995', '國立臺灣大學'),
(2351513, '資婷', '黃', 'benny9960', 'benny9960', 'https://s3-ap-southeast-1.amazonaws.com/attachments.api.snapask.co/users/profile_pics/002/351/513/original/blob?1599276879', '國立成功大學'),
(2352958, '品潔', '黃', 'jclyn1009', 'jclyn1009', 'https://s3-ap-southeast-1.amazonaws.com/attachments.api.snapask.co/users/profile_pics/002/352/958/original/CacheDirFile?1600156314', '高雄醫學大學'),
(2353413, '睿瞳', '洪', 'RuiTung', 'RuiTung', 'https://s3-ap-southeast-1.amazonaws.com/attachments.api.snapask.co/users/profile_pics/002/353/413/original/file.jpeg?1603198654', '國立成功大學'),
(2403023, '游', '斐亘', 'fiona4866', 'fiona4866', 'https://s3-ap-southeast-1.amazonaws.com/attachments.api.snapask.co/users/profile_pics/002/403/023/original/file.jpeg?1605535296', '國立中正大學'),
(2423918, '思瑜', '胡', 'jun0427541', 'jun0427541', 'https://s3-ap-southeast-1.amazonaws.com/attachments.api.snapask.co/users/profile_pics/002/423/918/original/CacheDirFile?1602835691', '國立政治大學'),
(2436345, 'Jason ', 'Juan', '我是Jason老師', '我是Jason老師', 'https://s3-ap-southeast-1.amazonaws.com/attachments.api.snapask.co/users/profile_pics/002/436/345/original/file.jpeg?1606133106', '國立高雄師範大學'),
(2448592, '蘇', '菲', 'SophieNotSophia', 'SophieNotSophia', 'https://s3-ap-southeast-1.amazonaws.com/attachments.api.snapask.co/users/profile_pics/002/448/592/original/file.jpeg?1607162219', '國立成功大學'),
(2449310, '宣兆', '林', 'v02201033', 'v02201033', 'https://s3-ap-southeast-1.amazonaws.com/attachments.api.snapask.co/users/profile_pics/002/449/310/original/blob?1604294661', '國立臺灣大學'),
(2461219, '妙華 ', '徐', 'oolzz3', 'oolzz3', 'https://s3-ap-southeast-1.amazonaws.com/attachments.api.snapask.co/users/profile_pics/002/461/219/original/CacheDirFile?1606628351', '輔仁大學'),
(2484677, '熙恩', '許', 'WolfBo', 'WolfBo', 'https://s3-ap-southeast-1.amazonaws.com/attachments.api.snapask.co/users/profile_pics/002/484/677/original/CacheDirFile?1606583480', '中原大學'),
(2484956, 'Simon', 'Chen', 'CCCBSimon', 'CCCBSimon', 'https://s3-ap-southeast-1.amazonaws.com/attachments.api.snapask.co/users/profile_pics/002/484/956/original/file.jpeg?1608048071', '東海大學'),
(2486233, '黃', '筑靖', 'LbBrRt', 'LbBrRt', 'https://s3-ap-southeast-1.amazonaws.com/attachments.api.snapask.co/users/profile_pics/002/486/233/original/blob?1606141799', '國立臺灣師範大學'),
(2493699, 'Andrew', 'Wong', 'YC_Mo_', 'YC_Mo_', 'https://s3-ap-southeast-1.amazonaws.com/attachments.api.snapask.co/users/profile_pics/002/493/699/original/blob?1606411961', '國立臺灣師範大學'),
(2503912, '家宇', '林', '化工QQ', '化工QQ', 'https://s3-ap-southeast-1.amazonaws.com/attachments.api.snapask.co/users/profile_pics/002/503/912/original/blob?1606897888', '國立臺灣大學'),
(2504089, 'Wei Ting', 'Chien', 'weiting36113814', 'weiting36113814', 'https://s3-ap-southeast-1.amazonaws.com/attachments.api.snapask.co/users/profile_pics/002/504/089/original/CacheDirFile?1607243690', '國立臺灣大學'),
(2530374, '慧軒', '詹', '數學很好的台北帝國大學生', '數學很好的台北帝國大學生', 'https://s3-ap-southeast-1.amazonaws.com/attachments.api.snapask.co/users/profile_pics/002/530/374/original/file.jpeg?1608115312', '國立臺灣大學'),
(2532833, '郁儒', '鄭', 'Dexter1016', 'Dexter1016', 'https://s3-ap-southeast-1.amazonaws.com/attachments.api.snapask.co/users/profile_pics/002/532/833/original/blob?1608193850', '國立成功大學'),
(2532846, '紹翔', '廖', '幽默的阿翔', '幽默的阿翔', 'https://s3-ap-southeast-1.amazonaws.com/attachments.api.snapask.co/users/profile_pics/002/532/846/original/blob?1608193056', '國立成功大學'),
(2537512, '辰軒', '廖', 'xxbooo', 'xxbooo', 'https://s3-ap-southeast-1.amazonaws.com/attachments.api.snapask.co/users/profile_pics/002/537/512/original/blob?1608459972', '台北醫學大學'),
(2539773, '子揚', '劉', 'Catrylis', 'Catrylis', 'https://s3-ap-southeast-1.amazonaws.com/attachments.api.snapask.co/users/profile_pics/002/539/773/original/blob?1608612458', '國立臺灣師範大學'),
(2546177, '景全', '蔡', 'Jaylol', 'Jaylol', 'https://s3-ap-southeast-1.amazonaws.com/attachments.api.snapask.co/users/profile_pics/002/546/177/original/new_profile_pic?1623822756', '國立陽明大學'),
(2590091, '靖容', '林', 'vivien0169', 'vivien0169', 'https://s3-ap-southeast-1.amazonaws.com/attachments.api.snapask.co/users/profile_pics/002/590/091/original/blob?1611124312', '國立中央大學'),
(2611403, '毅君', '林', 'ElvisLin', 'ElvisLin', 'https://s3-ap-southeast-1.amazonaws.com/attachments.api.snapask.co/users/profile_pics/002/611/403/original/new_profile_pic.jpeg?1616779123', '國立臺灣大學'),
(2617782, '林', '承俊', 'chengjunlin0217', 'chengjunlin0217', 'https://s3-ap-southeast-1.amazonaws.com/attachments.api.snapask.co/users/profile_pics/002/617/782/original/blob?1612180555', '國立高雄師範大學'),
(2633002, '乃綺', '郭', 'IY00', 'IY00', 'https://s3-ap-southeast-1.amazonaws.com/attachments.api.snapask.co/users/profile_pics/002/633/002/original/blob?1612775752', '國立臺灣大學'),
(2634272, '周廷', '林', '周廷老師', '周廷老師', 'https://s3-ap-southeast-1.amazonaws.com/attachments.api.snapask.co/users/profile_pics/002/634/272/original/new_profile_pic.jpeg?1612766292', '國立臺灣師範大學'),
(2646270, '顯力', '林', 'Alain_Lin', 'Alain_Lin', 'https://s3-ap-southeast-1.amazonaws.com/attachments.api.snapask.co/users/profile_pics/002/646/270/original/new_profile_pic.jpeg?1616162890', '國立臺灣大學'),
(2662631, '黃', '品翰', 'hanshuang88', 'hanshuang88', 'https://s3-ap-southeast-1.amazonaws.com/attachments.api.snapask.co/users/profile_pics/002/662/631/original/new_profile_pic.jpeg?1613792280', '慈濟學校財團法人慈濟大學'),
(2668030, '成軒', '簡', 'catissimo', 'catissimo', 'https://s3-ap-southeast-1.amazonaws.com/attachments.api.snapask.co/users/profile_pics/002/668/030/original/CacheDirFile?1613993027', '國立臺灣大學'),
(2679419, '雅筑', '張', 'Irene9453', 'Irene9453', 'https://s3-ap-southeast-1.amazonaws.com/attachments.api.snapask.co/users/profile_pics/002/679/419/original/blob?1614239713', '國立清華大學'),
(2685373, '李', '宏恩', 'Louis李', 'Louis李', 'https://s3-ap-southeast-1.amazonaws.com/attachments.api.snapask.co/users/profile_pics/002/685/373/original/blob?1614437684', '高雄醫學大學'),
(2690725, '銘', '陳', 'YoYoChen', 'YoYoChen', 'https://s3-ap-southeast-1.amazonaws.com/attachments.api.snapask.co/users/profile_pics/002/690/725/original/blob?1614608719', '國立臺灣師範大學'),
(2692971, '施', '佑達', 'u109003550', 'u109003550', 'https://s3-ap-southeast-1.amazonaws.com/attachments.api.snapask.co/users/profile_pics/002/692/971/original/blob?1614694726', '中國醫藥大學'),
(2699163, '彥翰', '賴', 'AlanLai', 'AlanLai', 'https://s3-ap-southeast-1.amazonaws.com/attachments.api.snapask.co/users/profile_pics/002/699/163/original/new_profile_pic?1619274575', '國立中興大學'),
(2700375, '慈蔓', '洪', '_暫時不會用', '_暫時不會用', 'https://s3-ap-southeast-1.amazonaws.com/attachments.api.snapask.co/users/profile_pics/002/700/375/original/blob?1615033399', '國立臺灣大學'),
(2701067, '瑞廷', '洪', '應數系Terry', '應數系Terry', 'https://s3-ap-southeast-1.amazonaws.com/attachments.api.snapask.co/users/profile_pics/002/701/067/original/blob?1615084565', '國立中興大學'),
(2703860, '琬儀', '鄭', '琬琬好喜歡小動物', '琬琬好喜歡小動物', 'https://s3-ap-southeast-1.amazonaws.com/attachments.api.snapask.co/users/profile_pics/002/703/860/original/new_profile_pic.jpeg?1615297126', '國立彰化師範大學'),
(2708934, '心瑜', '趙', 'hsinyuzhao', 'hsinyuzhao', 'https://s3-ap-southeast-1.amazonaws.com/attachments.api.snapask.co/users/profile_pics/002/708/934/original/blob?1615374473', '國立臺灣大學'),
(2720793, '仲宇', '鄭', '家教老師Jon', '家教老師Jon', 'https://s3-ap-southeast-1.amazonaws.com/attachments.api.snapask.co/users/profile_pics/002/720/793/original/CacheDirFile?1615984562', '國立臺灣大學'),
(2721427, '暐竣', '高', 'nonamefour0210', 'nonamefour0210', 'https://s3-ap-southeast-1.amazonaws.com/attachments.api.snapask.co/users/profile_pics/002/721/427/original/blob?1615983844', '國立臺灣大學'),
(2725059, '少鈞', '鍾', 'Jimmy-Chung', 'Jimmy-Chung', 'https://s3-ap-southeast-1.amazonaws.com/attachments.api.snapask.co/users/profile_pics/002/725/059/original/blob?1616165062', '台北醫學大學'),
(2737300, '泊文', '黃', '小bo', '小bo', 'https://s3-ap-southeast-1.amazonaws.com/attachments.api.snapask.co/users/profile_pics/002/737/300/original/new_profile_pic.jpeg?1616692348', '國防醫學院'),
(2745514, '陳', '宜君', 'birwolf267', 'birwolf267', 'https://s3-ap-southeast-1.amazonaws.com/attachments.api.snapask.co/users/profile_pics/002/745/514/original/blob?1617068063', '國立臺灣大學'),
(2749613, '博勛', '張', '_Tony_Chang_', '_Tony_Chang_', 'https://s3-ap-southeast-1.amazonaws.com/attachments.api.snapask.co/users/profile_pics/002/749/613/original/blob?1620543938', '長庚大學'),
(2757746, '嘉亮', '廖', 'alex001', 'alex001', 'https://s3-ap-southeast-1.amazonaws.com/attachments.api.snapask.co/users/profile_pics/002/757/746/original/CacheDirFile?1618409237', '淡江大學'),
(2761230, '祈碩', '連', 'Joker0972', 'Joker0972', 'https://s3-ap-southeast-1.amazonaws.com/attachments.api.snapask.co/users/profile_pics/002/761/230/original/CacheDirFile?1617867341', '中山醫學大學'),
(2761890, '宗睿', '謝', 'minosia', 'minosia', 'https://s3-ap-southeast-1.amazonaws.com/attachments.api.snapask.co/users/profile_pics/002/761/890/original/blob?1617893517', '國立臺灣師範大學'),
(2762335, '奕鑫', '溫', 'EvanWen', 'EvanWen', 'https://s3-ap-southeast-1.amazonaws.com/attachments.api.snapask.co/users/profile_pics/002/762/335/original/740A97A6-6A0F-4B52-9061-A6BB6886F934.jpeg?1618633960', '高雄醫學大學'),
(2763006, '米雅', '蕭', 'untitled0201', 'untitled0201', 'https://s3-ap-southeast-1.amazonaws.com/attachments.api.snapask.co/users/profile_pics/002/763/006/original/blob?1617975427', '國立中興大學'),
(2770364, '承勳', '周', '吉娃娃愛好者', '吉娃娃愛好者', 'https://s3-ap-southeast-1.amazonaws.com/attachments.api.snapask.co/users/profile_pics/002/770/364/original/new_profile_pic?1624645595', '國立臺灣大學'),
(2808301, '子瑄', '黃', 'AmyHuang', 'AmyHuang', 'https://s3-ap-southeast-1.amazonaws.com/attachments.api.snapask.co/users/profile_pics/002/808/301/original/blob?1621267207', '中國醫藥大學'),
(2811737, '沛淳', '黃', 'Asdfgh', 'Asdfgh', 'https://s3-ap-southeast-1.amazonaws.com/attachments.api.snapask.co/users/profile_pics/002/811/737/original/blob?1621485280', '中國醫藥大學'),
(2811823, '陳', '宥均', '均Jiun', '均Jiun', 'https://s3-ap-southeast-1.amazonaws.com/attachments.api.snapask.co/users/profile_pics/002/811/823/original/blob?1621488830', '國立成功大學'),
(2812676, '王', '靜梅', 'Mae_W', 'Mae_W', 'https://s3-ap-southeast-1.amazonaws.com/attachments.api.snapask.co/users/profile_pics/002/812/676/original/blob?1621522906', '國立臺灣大學'),
(2824213, '李', '坤城', 'BryanChem', 'BryanChem', 'https://s3-ap-southeast-1.amazonaws.com/attachments.api.snapask.co/users/profile_pics/002/824/213/original/blob?1622266608', '國立臺灣科技大學'),
(2832022, '文婷', '鄭', 'tingcute422', 'tingcute422', 'https://s3-ap-southeast-1.amazonaws.com/attachments.api.snapask.co/users/profile_pics/002/832/022/original/new_profile_pic?1623858421', '國立政治大學'),
(2840028, '宇心', '范', 'cindyfan36', 'cindyfan36', 'https://s3-ap-southeast-1.amazonaws.com/attachments.api.snapask.co/users/profile_pics/002/840/028/original/new_profile_pic?1624868469', '國立陽明大學'),
(2846762, '江', '子安', 'rickyricky1109', 'rickyricky1109', 'https://s3-ap-southeast-1.amazonaws.com/attachments.api.snapask.co/users/profile_pics/002/846/762/original/blob?1623536858', '台北醫學大學'),
(2865479, '薪慈', '邱', 'Sin_tsu', 'fuvuph6', 'https://s3-ap-southeast-1.amazonaws.com/attachments.api.snapask.co/users/profile_pics/002/865/479/original/blob?1624373804', '中國醫藥大學'),
(2869941, '冠勛', '王', '台大醫王冠勛', 'kyle30581', 'https://s3-ap-southeast-1.amazonaws.com/attachments.api.snapask.co/users/profile_pics/002/869/941/original/blob?1624539744', '國立臺灣大學'),
(2879273, '學駿', '鄭', 'ShawnCheng', 'shawn890323', 'https://s3-ap-southeast-1.amazonaws.com/attachments.api.snapask.co/users/profile_pics/002/879/273/original/blob?1624972531', '長庚大學');

-- --------------------------------------------------------

--
-- Table structure for table `tutors_ratings`
--

CREATE TABLE `tutors_ratings` (
  `id` int NOT NULL,
  `tutor_id` int NOT NULL,
  `rating` decimal(2,1) NOT NULL,
  `answered_count` int NOT NULL,
  `update_date` date NOT NULL
) ENGINE=InnoDB DEFAULT CHARSET=utf8mb4 COLLATE=utf8mb4_0900_ai_ci;

--
-- Dumping data for table `tutors_ratings`
--

INSERT INTO `tutors_ratings` (`id`, `tutor_id`, `rating`, `answered_count`, `update_date`) VALUES
(1, 2486233, '4.9', 144, '2021-07-23'),
(2, 1597497, '4.9', 53, '2021-07-23'),
(3, 1814575, '4.9', 54, '2021-07-23'),
(4, 2879273, '4.9', 41, '2021-07-23'),
(5, 2334247, '4.9', 96, '2021-07-23'),
(6, 2493699, '4.9', 49, '2021-07-23'),
(7, 1513231, '4.9', 174, '2021-07-23'),
(8, 1161268, '4.9', 2562, '2021-07-23'),
(9, 2351513, '4.9', 44, '2021-07-23'),
(10, 2532846, '4.9', 46, '2021-07-23'),
(11, 2662631, '4.9', 44, '2021-07-23'),
(12, 2721427, '4.9', 211, '2021-07-23'),
(13, 2685373, '4.9', 70, '2021-07-23'),
(14, 1160068, '4.9', 107, '2021-07-23'),
(15, 727375, '4.9', 89, '2021-07-23'),
(16, 1637661, '4.9', 104, '2021-07-23'),
(17, 602885, '4.9', 499, '2021-07-23'),
(18, 1576954, '4.9', 157, '2021-07-23'),
(19, 2532833, '4.9', 62, '2021-07-23'),
(20, 1506107, '4.9', 950, '2021-07-23'),
(21, 2617782, '4.9', 64, '2021-07-23'),
(22, 2133608, '4.9', 78, '2021-07-23'),
(23, 668620, '4.9', 3126, '2021-07-23'),
(24, 2865479, '4.9', 68, '2021-07-23'),
(25, 2504089, '5.0', 66, '2021-07-23'),
(26, 1108230, '4.9', 163, '2021-07-23'),
(27, 1386550, '4.9', 307, '2021-07-23'),
(28, 2668030, '4.9', 141, '2021-07-23'),
(29, 2539773, '4.9', 699, '2021-07-23'),
(30, 1451742, '4.9', 127, '2021-07-23'),
(31, 1861156, '4.9', 133, '2021-07-23'),
(32, 2448592, '4.9', 103, '2021-07-23'),
(33, 2646270, '4.9', 103, '2021-07-23'),
(34, 1591519, '4.9', 345, '2021-07-23'),
(35, 1263531, '4.9', 102, '2021-07-23'),
(36, 1728934, '4.9', 256, '2021-07-23'),
(37, 2633002, '4.9', 117, '2021-07-23'),
(38, 2238212, '4.9', 80, '2021-07-23'),
(39, 2611403, '4.9', 211, '2021-07-23'),
(40, 248060, '4.9', 62, '2021-07-23'),
(41, 1363388, '4.9', 122, '2021-07-23'),
(42, 1874411, '4.9', 102, '2021-07-23'),
(43, 2403023, '4.9', 349, '2021-07-23'),
(44, 2066445, '4.9', 74, '2021-07-23'),
(45, 2346470, '4.9', 1349, '2021-07-23'),
(46, 858849, '4.9', 149, '2021-07-23'),
(47, 1658353, '4.9', 207, '2021-07-23'),
(48, 178743, '4.9', 128, '2021-07-23'),
(49, 1588481, '4.9', 125, '2021-07-23'),
(50, 627628, '4.9', 143, '2021-07-23'),
(51, 2353413, '4.9', 205, '2021-07-23'),
(52, 2449310, '4.9', 105, '2021-07-23'),
(53, 1830771, '4.9', 645, '2021-07-23'),
(54, 1703609, '4.9', 46, '2021-07-23'),
(55, 2352958, '4.9', 43, '2021-07-23'),
(56, 2745514, '4.9', 42, '2021-07-23'),
(57, 2634272, '4.9', 112, '2021-07-23'),
(58, 1486871, '4.9', 113, '2021-07-23'),
(59, 1487358, '4.9', 46, '2021-07-23'),
(60, 2737300, '4.9', 319, '2021-07-23'),
(61, 1493704, '4.9', 8846, '2021-07-23'),
(62, 1754147, '4.9', 100, '2021-07-23'),
(63, 2808301, '4.9', 55, '2021-07-23'),
(64, 2484956, '4.9', 54, '2021-07-23'),
(65, 2720793, '4.9', 202, '2021-07-23'),
(66, 460898, '4.9', 3123, '2021-07-23'),
(67, 1561185, '4.9', 68, '2021-07-23'),
(68, 907472, '4.9', 1391, '2021-07-23'),
(69, 2245485, '4.9', 297, '2021-07-23'),
(70, 116013, '4.9', 68, '2021-07-23'),
(71, 2423918, '4.9', 45, '2021-07-23'),
(72, 2093772, '4.9', 54, '2021-07-23'),
(73, 2208601, '4.9', 49, '2021-07-23'),
(74, 2145132, '4.9', 459, '2021-07-23'),
(75, 2546177, '4.9', 55, '2021-07-23'),
(76, 2749613, '4.9', 101, '2021-07-23'),
(77, 1317831, '4.9', 280, '2021-07-23'),
(78, 1892813, '4.9', 52, '2021-07-23'),
(79, 1924936, '4.9', 798, '2021-07-23'),
(80, 2770364, '4.9', 561, '2021-07-23'),
(81, 655674, '4.9', 59, '2021-07-23'),
(82, 2105217, '4.9', 46, '2021-07-23'),
(83, 2530374, '4.9', 53, '2021-07-23'),
(84, 2590091, '4.9', 42, '2021-07-23'),
(85, 957324, '5.0', 42, '2021-07-23'),
(86, 1121184, '5.0', 47, '2021-07-23'),
(87, 1167240, '5.0', 68, '2021-07-23'),
(88, 1525639, '5.0', 91, '2021-07-23'),
(89, 1660259, '5.0', 48, '2021-07-23'),
(90, 1711387, '5.0', 49, '2021-07-23'),
(91, 1728621, '5.0', 47, '2021-07-23'),
(92, 1793399, '5.0', 42, '2021-07-23'),
(93, 1931249, '5.0', 72, '2021-07-23'),
(94, 2690725, '5.0', 58, '2021-07-23'),
(95, 2725059, '5.0', 64, '2021-07-23'),
(96, 2761890, '5.0', 62, '2021-07-23'),
(97, 2761230, '4.9', 44, '2021-07-23'),
(98, 2271391, '4.9', 285, '2021-07-23'),
(99, 2763006, '4.9', 149, '2021-07-23'),
(100, 2812676, '4.9', 125, '2021-07-23'),
(101, 1074064, '4.9', 344, '2021-07-23'),
(102, 218845, '4.9', 109, '2021-07-23'),
(103, 2484677, '4.9', 82, '2021-07-23'),
(104, 2824213, '4.9', 73, '2021-07-23'),
(105, 1107196, '4.9', 205, '2021-07-23'),
(106, 2461219, '4.9', 157, '2021-07-23'),
(107, 2113238, '4.9', 41, '2021-07-23'),
(108, 2869941, '4.9', 69, '2021-07-23'),
(109, 238233, '5.0', 125, '2021-07-23'),
(110, 586175, '5.0', 43, '2021-07-23'),
(111, 1393788, '5.0', 43, '2021-07-23'),
(112, 1517019, '5.0', 127, '2021-07-23'),
(113, 1576775, '5.0', 91, '2021-07-23'),
(114, 1618313, '5.0', 49, '2021-07-23'),
(115, 1700904, '5.0', 63, '2021-07-23'),
(116, 1776395, '5.0', 45, '2021-07-23'),
(117, 1871064, '5.0', 94, '2021-07-23'),
(118, 2503912, '5.0', 121, '2021-07-23'),
(119, 2708934, '5.0', 84, '2021-07-23'),
(120, 2846762, '5.0', 47, '2021-07-23'),
(121, 1194827, '4.9', 1720, '2021-07-23'),
(122, 1503310, '4.9', 95, '2021-07-23'),
(123, 1820393, '4.9', 1687, '2021-07-23'),
(124, 1934822, '4.9', 575, '2021-07-23'),
(125, 946691, '4.9', 751, '2021-07-23'),
(126, 976746, '4.9', 489, '2021-07-23'),
(127, 2105652, '4.9', 54, '2021-07-23'),
(128, 2692971, '4.9', 48, '2021-07-23'),
(129, 713845, '4.9', 792, '2021-07-23'),
(130, 2537512, '4.9', 107, '2021-07-23'),
(131, 1345030, '4.9', 69, '2021-07-23'),
(132, 1880907, '4.9', 1936, '2021-07-23'),
(133, 597675, '4.9', 77, '2021-07-23'),
(134, 1534971, '4.9', 190, '2021-07-23'),
(135, 2092898, '4.9', 53, '2021-07-23'),
(136, 2216354, '4.9', 203, '2021-07-23'),
(137, 2811737, '4.9', 326, '2021-07-23'),
(138, 2840028, '4.9', 343, '2021-07-23'),
(139, 1939148, '4.9', 144, '2021-07-23'),
(140, 589029, '4.9', 299, '2021-07-23'),
(141, 730938, '4.9', 8447, '2021-07-23'),
(142, 1854942, '4.9', 68, '2021-07-23'),
(143, 1667441, '4.9', 41, '2021-07-23'),
(144, 2699163, '4.9', 53, '2021-07-23'),
(145, 2757746, '4.9', 944, '2021-07-23'),
(146, 2679419, '4.9', 323, '2021-07-23'),
(147, 2832022, '4.9', 46, '2021-07-23'),
(148, 1839196, '4.9', 666, '2021-07-23'),
(149, 1703501, '4.9', 8924, '2021-07-23'),
(150, 2089688, '4.9', 251, '2021-07-23'),
(151, 2703860, '4.9', 131, '2021-07-23'),
(152, 1761264, '4.9', 261, '2021-07-23'),
(153, 1956457, '4.9', 146, '2021-07-23'),
(154, 1546400, '4.9', 49, '2021-07-23'),
(155, 2762335, '4.9', 40, '2021-07-23'),
(156, 698177, '4.9', 232, '2021-07-23'),
(157, 2248955, '4.9', 422, '2021-07-23'),
(158, 2081970, '4.9', 69, '2021-07-23'),
(159, 1175433, '4.9', 70, '2021-07-23'),
(160, 727299, '4.9', 114, '2021-07-23'),
(161, 2055616, '4.9', 194, '2021-07-23'),
(162, 2436345, '4.9', 1824, '2021-07-23'),
(163, 2700375, '4.9', 295, '2021-07-23'),
(164, 460819, '4.9', 45, '2021-07-23'),
(165, 2701067, '4.9', 63, '2021-07-23'),
(166, 1516855, '4.9', 425, '2021-07-23'),
(167, 1716301, '4.9', 81, '2021-07-23'),
(168, 907375, '4.9', 346, '2021-07-23'),
(169, 1395568, '4.9', 94, '2021-07-23'),
(170, 728556, '4.9', 203, '2021-07-23'),
(171, 1793147, '4.9', 1290, '2021-07-23'),
(172, 1533248, '4.9', 55, '2021-07-23'),
(173, 1569303, '4.9', 65, '2021-07-23'),
(174, 2131189, '4.9', 58, '2021-07-23'),
(175, 178660, '4.9', 76, '2021-07-23'),
(176, 292561, '4.9', 21561, '2021-07-23'),
(177, 2070032, '4.9', 91, '2021-07-23'),
(178, 1163417, '4.9', 1451, '2021-07-23'),
(179, 2811823, '4.9', 133, '2021-07-23'),
(180, 945895, '4.9', 82, '2021-07-23');

--
-- Indexes for dumped tables
--

--
-- Indexes for table `elite_tutors`
--
ALTER TABLE `elite_tutors`
  ADD PRIMARY KEY (`id`),
  ADD UNIQUE KEY `tutor_id` (`tutor_id`);

--
-- Indexes for table `subjects`
--
ALTER TABLE `subjects`
  ADD PRIMARY KEY (`id`),
  ADD UNIQUE KEY `subject_name` (`subject_name`);

--
-- Indexes for table `subject_tutor_relation`
--
ALTER TABLE `subject_tutor_relation`
  ADD PRIMARY KEY (`id`),
  ADD UNIQUE KEY `UQ_sub_tutor` (`subject_id`,`tutor_id`),
  ADD KEY `tutor_id_relation` (`tutor_id`);

--
-- Indexes for table `tutors_basic_info`
--
ALTER TABLE `tutors_basic_info`
  ADD PRIMARY KEY (`id`);

--
-- Indexes for table `tutors_ratings`
--
ALTER TABLE `tutors_ratings`
  ADD PRIMARY KEY (`id`),
  ADD UNIQUE KEY `tutor_rating` (`tutor_id`,`update_date`);

--
-- AUTO_INCREMENT for dumped tables
--

--
-- AUTO_INCREMENT for table `elite_tutors`
--
ALTER TABLE `elite_tutors`
  MODIFY `id` int NOT NULL AUTO_INCREMENT, AUTO_INCREMENT=96;

--
-- AUTO_INCREMENT for table `subjects`
--
ALTER TABLE `subjects`
  MODIFY `id` int NOT NULL AUTO_INCREMENT, AUTO_INCREMENT=26;

--
-- AUTO_INCREMENT for table `subject_tutor_relation`
--
ALTER TABLE `subject_tutor_relation`
  MODIFY `id` int NOT NULL AUTO_INCREMENT, AUTO_INCREMENT=460;

--
-- AUTO_INCREMENT for table `tutors_ratings`
--
ALTER TABLE `tutors_ratings`
  MODIFY `id` int NOT NULL AUTO_INCREMENT, AUTO_INCREMENT=181;

--
-- Constraints for dumped tables
--

--
-- Constraints for table `elite_tutors`
--
ALTER TABLE `elite_tutors`
  ADD CONSTRAINT `elite_id` FOREIGN KEY (`tutor_id`) REFERENCES `tutors_basic_info` (`id`) ON DELETE CASCADE ON UPDATE CASCADE;

--
-- Constraints for table `subject_tutor_relation`
--
ALTER TABLE `subject_tutor_relation`
  ADD CONSTRAINT `sub_id_relation` FOREIGN KEY (`subject_id`) REFERENCES `subjects` (`id`) ON DELETE CASCADE ON UPDATE CASCADE,
  ADD CONSTRAINT `tutor_id_relation` FOREIGN KEY (`tutor_id`) REFERENCES `tutors_basic_info` (`id`) ON DELETE CASCADE ON UPDATE CASCADE;

--
-- Constraints for table `tutors_ratings`
--
ALTER TABLE `tutors_ratings`
  ADD CONSTRAINT `tutor_id` FOREIGN KEY (`tutor_id`) REFERENCES `tutors_basic_info` (`id`) ON DELETE CASCADE ON UPDATE CASCADE;
COMMIT;

/*!40101 SET CHARACTER_SET_CLIENT=@OLD_CHARACTER_SET_CLIENT */;
/*!40101 SET CHARACTER_SET_RESULTS=@OLD_CHARACTER_SET_RESULTS */;
/*!40101 SET COLLATION_CONNECTION=@OLD_COLLATION_CONNECTION */;
